{
  "val": {
    "rmse": 0.8685876147196906,
    "mae": 0.8333333333333318,
    "r2": -11.574074074074115
  },
  "test": {
    "rmse": 0.6691619966628225,
    "mae": 0.6111111111111098,
    "r2": -0.7222222222222154
  },
  "val_test": {
    "rmse": 0.7753135566408654,
    "mae": 0.7222222222222209,
    "r2": -2.0055555555555467
  }
}