{
  "val": {
    "rmse": 5.646490812419631,
    "mae": 3.736231104532879,
    "r2": 0.8940440275121655
  },
  "test": {
    "rmse": 3.074260912271834,
    "mae": 2.7491706848144517,
    "r2": 0.8967721827542451
  },
  "val_test": {
    "rmse": 4.54609385359903,
    "mae": 3.2427008946736655,
    "r2": 0.8966159023359307
  }
}