{
  "val": {
    "rmse": 4.119199407851366,
    "mae": 2.4881970362710164,
    "r2": 0.9451247156325552
  },
  "test": {
    "rmse": 3.479740021858585,
    "mae": 2.5611875536902518,
    "r2": 0.8524821783340288
  },
  "val_test": {
    "rmse": 3.8128987910359813,
    "mae": 2.5246922949806296,
    "r2": 0.9273543167018607
  }
}