{
  "tasks": [
    {
      "task": "phi_exp_soil",
      "best_model": "gpr",
      "loo_rmse_mean": 3.18420446570849,
      "loo_rmse_ci_2_5": 0.3150376752780197,
      "loo_rmse_ci_97_5": 8.60564116915175,
      "loo_mae_mean": 1.2625281472314287,
      "loo_mae_ci_2_5": 0.1617832251859036,
      "loo_mae_ci_97_5": 3.0556479737751188,
      "loo_r2_mean": 0.855430873641131,
      "loo_r2_ci_2_5": 0.20330362832354892,
      "loo_r2_ci_97_5": 0.999587385640168
    },
    {
      "task": "phi_dem_surrogate",
      "best_model": "xgboost",
      "loo_rmse_mean": 3.764597170718146,
      "loo_rmse_ci_2_5": 0.7469876307012429,
      "loo_rmse_ci_97_5": 7.194852534431422,
      "loo_mae_mean": 1.9046438574790958,
      "loo_mae_ci_2_5": 0.5354926681518559,
      "loo_mae_ci_97_5": 3.4198511167367296,
      "loo_r2_mean": 0.8475701377518875,
      "loo_r2_ci_2_5": 0.3704064410789562,
      "loo_r2_ci_97_5": 0.9931790726184578
    },
    {
      "task": "delta_phi_calibration",
      "best_model": "dummy_mean",
      "loo_rmse_mean": 0.5887836499066085,
      "loo_rmse_ci_2_5": 0.3877709615134962,
      "loo_rmse_ci_97_5": 0.7848875542160132,
      "loo_mae_mean": 0.5120303030303023,
      "loo_mae_ci_2_5": 0.3134090909090908,
      "loo_mae_ci_97_5": 0.7130681818181805,
      "loo_r2_mean": -0.19008264462809915,
      "loo_r2_ci_2_5": -0.19008264462809943,
      "loo_r2_ci_97_5": -0.19008264462809876
    }
  ]
}