approach,rmse,mae,r2
indirect_phi_dem_minus_phi_exp,3.274519638001517,2.1861960971869654,-29.37051447267305
direct_dummy_delta,0.6482015807263947,0.5666666666666659,-0.19008264462809876
